{"cameraMode":{"drawMode":0,"name":"Shaded","section":"Shading Mode"},"sceneLighting":true,"audioPlay":false,"sceneViewState":{"m_AlwaysRefresh":false,"showFog":true,"showSkybox":true,"showFlares":true,"showImageEffects":true,"showParticleSystems":true,"showVisualEffectGraphs":true,"m_FxEnabled":true},"in2DMode":false,"pivot":{"x":-18.605764389038087,"y":13.404571533203125,"z":11.554563522338868},"rotation":{"x":-0.002130841603502631,"y":-0.7039145231246948,"z":-0.002111750189214945,"w":0.7102784514427185},"size":9.985847473144532,"orthographic":false}